UniProtID,gene_organism,state,tm-DAN-lddt,model_name,best_template_tm-seqID,best_template_evalue,best_template_pdb
0,Q9H1Y3,OPN3_HUMAN,active,0.774,active/Q9H1Y3_model.active.crderr.pdb,32.2,5.20e-45,6fkb_A
1,O75084,FZD7_HUMAN,active,0.775,active/O75084_model.active.crderr.pdb,47.8,1.40e-44,6bd4_A
2,P46093,GPR4_HUMAN,active,0.814,active/P46093_model.active.crderr.pdb,28.9,2.70e-37,5zkq_A
3,Q96RI0,PAR4_HUMAN,active,0.785,active/Q96RI0_model.active.crderr.pdb,32.2,2.60e-55,6lfo_R
4,Q96RI8,TAAR6_HUMAN,active,0.770,active/Q96RI8_model.active.crderr.pdb,33.5,4.40e-53,6tko_A
5,Q9Y2T6,GPR55_HUMAN,active,0.816,active/Q9Y2T6_model.active.crderr.pdb,27.9,2.00e-54,6lfo_R
6,Q6W5P4,NPSR1_HUMAN,active,0.814,active/Q6W5P4_model.active.crderr.pdb,30.0,6.80e-53,6tpk_A
7,Q15760,GPR19_HUMAN,active,0.777,active/Q15760_model.active.crderr.pdb,27.1,1.50e-51,6tko_A
8,P59533,T2R38_HUMAN,active,0.810,active/P59533_model.active.crderr.pdb,10.3,4.00e-11,3odu_A
9,Q8NFJ5,RAI3_HUMAN,active,0.801,active/Q8NFJ5_model.active.crderr.pdb,16.2,1.80e-39,4or2_A
10,Q9HBW9,AGRL4_HUMAN,active,0.781,active/Q9HBW9_model.active.crderr.pdb,26.7,6.40e-42,7d76_R
11,Q9BZJ6,GPR63_HUMAN,active,0.822,active/Q9BZJ6_model.active.crderr.pdb,28.6,2.10e-40,6g79_S
12,Q8NDV2,GPR26_HUMAN,active,0.769,active/Q8NDV2_model.active.crderr.pdb,24.4,2.60e-52,6me7_B
13,Q9H3N8,HRH4_HUMAN,active,0.769,active/Q9H3N8_model.active.crderr.pdb,30.3,1.60e-56,6oij_R
14,Q9NYW6,TA2R3_HUMAN,active,0.837,active/Q9NYW6_model.active.crderr.pdb, 9.6,9.90e-11,5zbh_A
15,Q8IZ08,GP135_HUMAN,active,0.785,active/Q8IZ08_model.active.crderr.pdb,26.5,2.20e-50,6k42_R
16,P59535,T2R40_HUMAN,active,0.828,active/P59535_model.active.crderr.pdb,13.1,1.40e-11,3odu_A
17,P21918,DRD5_HUMAN,active,0.819,active/P21918_model.active.crderr.pdb,75.1,7.50e-56,7jvq_R
18,Q14439,GP176_HUMAN,active,0.760,active/Q14439_model.active.crderr.pdb,25.8,2.60e-50,6tq4_B
19,Q7Z7M1,AGRD2_HUMAN,active,0.824,active/Q7Z7M1_model.active.crderr.pdb,28.2,3.90e-40,6pb1_P
20,O95838,GLP2R_HUMAN,active,0.821,active/O95838_model.active.crderr.pdb,100.0,2.20e-48,7d68_R
21,Q5NUL3,FFAR4_HUMAN,active,0.765,active/Q5NUL3_model.active.crderr.pdb,26.6,1.70e-51,6me8_B
22,P16473,TSHR_HUMAN,active,0.756,active/P16473_model.active.crderr.pdb,23.9,6.90e-26,5jqh_A
23,Q6DWJ6,GP139_HUMAN,active,0.787,active/Q6DWJ6_model.active.crderr.pdb,23.2,4.80e-45,6za8_AAA
24,O14626,GP171_HUMAN,active,0.813,active/O14626_model.active.crderr.pdb,25.3,2.60e-35,6c1q_B
25,Q96P68,OXGR1_HUMAN,active,0.799,active/Q96P68_model.active.crderr.pdb,39.2,2.70e-55,6ibb_C
26,Q49SQ1,GPR33_HUMAN,active,0.815,active/Q49SQ1_model.active.crderr.pdb,31.8,4.80e-52,6omm_R
27,Q9NYW5,TA2R4_HUMAN,active,0.836,active/Q9NYW5_model.active.crderr.pdb, 9.6,9.00e-11,3odu_A
28,Q8TCW9,PKR1_HUMAN,active,0.815,active/Q8TCW9_model.active.crderr.pdb,29.7,1.90e-57,7l1u_R
29,O14514,AGRB1_HUMAN,active,0.755,active/O14514_model.active.crderr.pdb,23.9,1.50e-35,4k5y_C
30,Q9Y5N1,HRH3_HUMAN,active,0.762,active/Q9Y5N1_model.active.crderr.pdb,36.6,1.10e-56,6oij_R
31,Q9NYW3,TA2R7_HUMAN,active,0.827,active/Q9NYW3_model.active.crderr.pdb, 7.9,5.60e-11,5cxv_A
32,Q9NYM4,GPR83_HUMAN,active,0.855,active/Q9NYM4_model.active.crderr.pdb,34.7,2.00e-47,2ks9_A
33,P32745,SSR3_HUMAN,active,0.786,active/P32745_model.active.crderr.pdb,45.3,6.20e-44,5dhg_A
34,P32239,GASR_HUMAN,active,0.782,active/P32239_model.active.crderr.pdb,32.1,3.50e-56,7l1v_R
35,P43119,PI2R_HUMAN,active,0.767,active/P43119_model.active.crderr.pdb,41.4,1.80e-45,7d7m_A
36,O94910,AGRL1_HUMAN,active,0.794,active/O94910_model.active.crderr.pdb,26.7,5.70e-41,7c2e_R
37,Q9NYW1,TA2R9_HUMAN,active,0.809,active/Q9NYW1_model.active.crderr.pdb,12.8,6.50e-11,3odu_A
38,Q86SQ3,AGRE4_HUMAN,active,0.778,active/Q86SQ3_model.active.crderr.pdb,25.0,2.40e-41,6p9x_R
39,Q9NQ84,GPC5C_HUMAN,active,0.789,active/Q9NQ84_model.active.crderr.pdb,20.5,2.10e-39,4or2_A
40,Q9P1Q5,OR1A1_HUMAN,active,0.766,active/Q9P1Q5_model.active.crderr.pdb,21.6,1.50e-24,6g79_S
41,Q8IZP9,AGRG2_HUMAN,active,0.801,active/Q8IZP9_model.active.crderr.pdb,36.1,6.80e-42,7d76_R
42,Q99679,GPR21_HUMAN,active,0.783,active/Q99679_model.active.crderr.pdb,70.2,3.00e-51,6li3_R
43,Q16570,ACKR1_HUMAN,active,0.757,active/Q16570_model.active.crderr.pdb,19.5,2.50e-34,4xt1_A
44,Q01718,ACTHR_HUMAN,active,0.793,active/Q01718_model.active.crderr.pdb,27.6,2.00e-45,6w25_A
45,Q01726,MSHR_HUMAN,active,0.804,active/Q01726_model.active.crderr.pdb,32.9,1.10e-46,6w25_A
46,Q6NV75,GP153_HUMAN,active,0.773,active/Q6NV75_model.active.crderr.pdb,17.2,2.40e-44,6ko5_A
47,Q8NFJ6,PKR2_HUMAN,active,0.815,active/Q8NFJ6_model.active.crderr.pdb,30.5,2.00e-56,7l1u_R
48,Q8IZF5,AGRF3_HUMAN,active,0.763,active/Q8IZF5_model.active.crderr.pdb,24.2,3.80e-22,6e3y_R
49,Q6QNK2,AGRD1_HUMAN,active,0.796,active/Q6QNK2_model.active.crderr.pdb,29.0,7.80e-40,6p9x_R
50,Q96P67,GPR82_HUMAN,active,0.784,active/Q96P67_model.active.crderr.pdb,24.8,3.20e-51,6pt2_B
51,Q9UP38,FZD1_HUMAN,active,0.802,active/Q9UP38_model.active.crderr.pdb,46.1,5.50e-35,6bd4_A
52,Q9NYW0,T2R10_HUMAN,active,0.793,active/Q9NYW0_model.active.crderr.pdb, 8.0,1.70e-11,5cxv_A
53,Q9BPV8,P2Y13_HUMAN,active,0.788,active/Q9BPV8_model.active.crderr.pdb,35.3,3.00e-41,4pxz_A
54,P59543,T2R20_HUMAN,active,0.841,active/P59543_model.active.crderr.pdb, 5.4,5.00e-11,5cxv_A
55,Q9NSD7,RL3R1_HUMAN,active,0.781,active/Q9NSD7_model.active.crderr.pdb,33.2,3.50e-42,5dhg_A
56,Q96AM1,MRGRF_HUMAN,active,0.786,active/Q96AM1_model.active.crderr.pdb,23.7,4.00e-36,6c1r_B
57,O00144,FZD9_HUMAN,active,0.774,active/O00144_model.active.crderr.pdb,49.2,3.70e-46,6bd4_A
58,Q9H228,S1PR5_HUMAN,active,0.773,active/Q9H228_model.active.crderr.pdb,32.7,2.90e-42,3v2y_A
59,Q9UKP6,UR2R_HUMAN,active,0.780,active/Q9UKP6_model.active.crderr.pdb,31.7,4.30e-38,5dhh_B
60,P25024,CXCR1_HUMAN,active,0.786,active/P25024_model.active.crderr.pdb,100.0,2.90e-47,2lnl_A
61,Q7Z601,GP142_HUMAN,active,0.828,active/Q7Z601_model.active.crderr.pdb,20.3,6.00e-42,7l0s_C
62,Q9NZD1,GPC5D_HUMAN,active,0.823,active/Q9NZD1_model.active.crderr.pdb,19.1,1.50e-39,4or2_A
63,Q8IWK6,AGRA3_HUMAN,active,0.790,active/Q8IWK6_model.active.crderr.pdb,16.4,4.20e-32,6pb1_P
64,P49683,PRLHR_HUMAN,active,0.824,active/P49683_model.active.crderr.pdb,34.9,1.90e-57,6tq7_B
65,P43116,PE2R2_HUMAN,active,0.767,active/P43116_model.active.crderr.pdb,34.7,1.90e-51,7d7m_A
66,Q9P296,C5AR2_HUMAN,active,0.764,active/Q9P296_model.active.crderr.pdb,40.8,5.50e-36,6c1r_B
67,Q14246,AGRE1_HUMAN,active,0.808,active/Q14246_model.active.crderr.pdb,24.3,5.40e-42,6nbf_R
68,P25106,ACKR3_HUMAN,active,0.812,active/P25106_model.active.crderr.pdb,36.5,1.60e-36,4zud_A
69,O15303,GRM6_HUMAN,active,0.844,active/O15303_model.active.crderr.pdb,44.7,4.00e-106,6n52_A
70,Q9UBY5,LPAR3_HUMAN,active,0.766,active/Q9UBY5_model.active.crderr.pdb,35.7,9.20e-46,4z34_A
71,Q15761,NPY5R_HUMAN,active,0.793,active/Q15761_model.active.crderr.pdb,34.4,8.30e-36,5zbq_A
72,P32249,GP183_HUMAN,active,0.828,active/P32249_model.active.crderr.pdb,29.8,4.10e-38,4yay_A
73,P25021,HRH2_HUMAN,active,0.818,active/P25021_model.active.crderr.pdb,41.4,2.10e-54,7bvq_A
74,P34969,5HT7R_HUMAN,active,0.837,active/P34969_model.active.crderr.pdb,42.3,1.80e-42,6g79_S
75,Q8TE23,TS1R2_HUMAN,active,0.805,active/Q8TE23_model.active.crderr.pdb,20.7,2.80e-105,6n51_A
76,P32238,CCKAR_HUMAN,active,0.766,active/P32238_model.active.crderr.pdb,33.1,1.90e-58,6tq4_B
77,Q14332,FZD2_HUMAN,active,0.786,active/Q14332_model.active.crderr.pdb,48.6,7.20e-44,6bd4_A
78,Q9HBX8,LGR6_HUMAN,active,0.776,active/Q9HBX8_model.active.crderr.pdb,18.5,3.00e-41,5wyz_B
79,O43603,GALR2_HUMAN,active,0.796,active/O43603_model.active.crderr.pdb,34.7,1.40e-44,5dhg_A
80,Q9BZJ7,GPR62_HUMAN,active,0.769,active/Q9BZJ7_model.active.crderr.pdb,24.3,2.40e-42,6g79_S
81,P30874,SSR2_HUMAN,active,0.810,active/P30874_model.active.crderr.pdb,43.5,4.40e-49,5c1m_A
82,P30550,GRPR_HUMAN,active,0.792,active/P30550_model.active.crderr.pdb,29.9,4.30e-55,7l1v_R
83,Q13639,5HT4R_HUMAN,active,0.820,active/Q13639_model.active.crderr.pdb,45.9,3.20e-46,6ibl_B
84,Q969N4,TAAR8_HUMAN,active,0.795,active/Q969N4_model.active.crderr.pdb,33.1,2.90e-52,7jv5_R
85,Q96RI9,TAAR9_HUMAN,active,0.771,active/Q96RI9_model.active.crderr.pdb,35.1,2.10e-46,4gbr_A
86,Q9NPG1,FZD3_HUMAN,active,0.769,active/Q9NPG1_model.active.crderr.pdb,35.1,1.40e-44,6bd4_A
87,Q86VZ1,P2RY8_HUMAN,active,0.835,active/Q86VZ1_model.active.crderr.pdb,30.2,2.50e-43,6b73_B
88,Q99527,GPER1_HUMAN,active,0.814,active/Q99527_model.active.crderr.pdb,31.6,6.30e-58,6lfo_R
89,P47890,OR1G1_HUMAN,active,0.761,active/P47890_model.active.crderr.pdb,22.6,7.10e-28,6tko_A
90,P46094,XCR1_HUMAN,active,0.789,active/P46094_model.active.crderr.pdb,36.9,3.80e-45,6meo_B
91,Q96LB1,MRGX2_HUMAN,active,0.756,active/Q96LB1_model.active.crderr.pdb,22.1,1.20e-33,6ak3_A
92,P29275,AA2BR_HUMAN,active,0.782,active/P29275_model.active.crderr.pdb,68.5,5.20e-41,6gdg_A
93,P49190,PTH2R_HUMAN,active,0.815,active/P49190_model.active.crderr.pdb,66.8,4.30e-84,6nbf_R
94,P41587,VIPR2_HUMAN,active,0.835,active/P41587_model.active.crderr.pdb,62.2,6.60e-43,6p9y_R
95,Q96G91,P2Y11_HUMAN,active,0.809,active/Q96G91_model.active.crderr.pdb,28.6,7.00e-53,4xnv_A
96,P29371,NK3R_HUMAN,active,0.799,active/P29371_model.active.crderr.pdb,70.1,1.40e-53,2ks9_A
97,P03999,OPSB_HUMAN,active,0.799,active/P03999_model.active.crderr.pdb,44.6,3.70e-39,5w0p_A
98,P59534,T2R39_HUMAN,active,0.850,active/P59534_model.active.crderr.pdb, 9.5,2.20e-11,3odu_A
99,O60353,FZD6_HUMAN,active,0.770,active/O60353_model.active.crderr.pdb,32.7,3.20e-41,6bd4_A
100,P04000,OPSR_HUMAN,active,0.839,active/P04000_model.active.crderr.pdb,43.2,3.70e-42,4zwj_A
101,O95977,S1PR4_HUMAN,active,0.757,active/O95977_model.active.crderr.pdb,26.6,3.40e-39,3v2w_A
102,O75388,GPR32_HUMAN,active,0.808,active/O75388_model.active.crderr.pdb,39.8,4.60e-53,6lw5_A
103,P46663,BKRB1_HUMAN,active,0.802,active/P46663_model.active.crderr.pdb,32.5,5.60e-38,4zud_A
104,O00155,GPR25_HUMAN,active,0.854,active/O00155_model.active.crderr.pdb,36.1,4.40e-39,4yay_A
105,P59536,T2R41_HUMAN,active,0.823,active/P59536_model.active.crderr.pdb,11.3,8.00e-11,3odu_A
106,Q5T848,GP158_HUMAN,active,0.769,active/Q5T848_model.active.crderr.pdb,21.0,1.70e-35,4or2_B
107,P30872,SSR1_HUMAN,active,0.828,active/P30872_model.active.crderr.pdb,46.2,1.80e-39,4rwd_A
108,Q96P66,GP101_HUMAN,active,0.758,active/Q96P66_model.active.crderr.pdb,25.7,7.00e-50,7jjo_R
109,Q9H461,FZD8_HUMAN,active,0.789,active/Q9H461_model.active.crderr.pdb,59.0,1.40e-56,6ww2_R
110,O00574,CXCR6_HUMAN,active,0.762,active/O00574_model.active.crderr.pdb,40.7,1.30e-35,5lwe_A
111,Q99705,MCHR1_HUMAN,active,0.796,active/Q99705_model.active.crderr.pdb,31.4,3.50e-36,5dhg_B
112,Q9NYV8,T2R14_HUMAN,active,0.806,active/Q9NYV8_model.active.crderr.pdb,12.3,7.30e-11,3odu_A
113,P41968,MC3R_HUMAN,active,0.817,active/P41968_model.active.crderr.pdb,39.7,6.40e-45,6w25_A
114,Q9NZH0,GPC5B_HUMAN,active,0.792,active/Q9NZH0_model.active.crderr.pdb,22.0,1.90e-37,4or2_A
115,Q86SQ6,AGRA1_HUMAN,active,0.784,active/Q86SQ6_model.active.crderr.pdb,17.4,2.50e-33,4k5y_C
116,P48546,GIPR_HUMAN,active,0.875,active/P48546_model.active.crderr.pdb,56.8,2.30e-84,6lmk_R
117,Q96CH1,GP146_HUMAN,active,0.763,active/Q96CH1_model.active.crderr.pdb,20.5,2.80e-35,5wb2_A
118,P41231,P2RY2_HUMAN,active,0.752,active/P41231_model.active.crderr.pdb,33.3,1.90e-57,6z10_A
119,Q9UPC5,GPR34_HUMAN,active,0.757,active/Q9UPC5_model.active.crderr.pdb,30.5,6.20e-37,5zkq_A
120,P47211,GALR1_HUMAN,active,0.844,active/P47211_model.active.crderr.pdb,35.6,1.00e-40,6b73_A
121,Q96K78,AGRG7_HUMAN,active,0.795,active/Q96K78_model.active.crderr.pdb,28.2,8.30e-36,7d76_R
122,Q99788,CML1_HUMAN,active,0.800,active/Q99788_model.active.crderr.pdb,36.9,3.80e-56,6omm_R
123,P49238,CX3C1_HUMAN,active,0.811,active/P49238_model.active.crderr.pdb,46.3,4.30e-47,6meo_B
124,P49685,GPR15_HUMAN,active,0.793,active/P49685_model.active.crderr.pdb,33.6,3.10e-38,4yay_A
125,O00254,PAR3_HUMAN,active,0.808,active/O00254_model.active.crderr.pdb,31.8,2.20e-54,6z10_A
126,P21452,NK2R_HUMAN,active,0.775,active/P21452_model.active.crderr.pdb,59.8,1.10e-56,2ks9_A
127,P59540,T2R46_HUMAN,active,0.847,active/P59540_model.active.crderr.pdb, 7.0,3.20e-11,5cxv_A
128,Q16581,C3AR_HUMAN,active,0.778,active/Q16581_model.active.crderr.pdb,42.2,2.40e-49,6lw5_A
129,Q9NS67,GPR27_HUMAN,active,0.763,active/Q9NS67_model.active.crderr.pdb,24.0,6.80e-47,6lfo_R
130,Q9BXC1,GP174_HUMAN,active,0.757,active/Q9BXC1_model.active.crderr.pdb,31.3,7.40e-34,5zkq_A
131,Q96P65,QRFPR_HUMAN,active,0.802,active/Q96P65_model.active.crderr.pdb,30.6,8.90e-56,6tos_B
132,Q969F8,KISSR_HUMAN,active,0.759,active/Q969F8_model.active.crderr.pdb,35.2,8.10e-44,5dhg_A
133,P46095,GPR6_HUMAN,active,0.771,active/P46095_model.active.crderr.pdb,28.6,1.30e-52,6vms_R
134,P30939,5HT1F_HUMAN,active,0.799,active/P30939_model.active.crderr.pdb,57.2,1.60e-44,6g79_S
135,Q96RJ0,TAAR1_HUMAN,active,0.790,active/Q96RJ0_model.active.crderr.pdb,39.6,2.80e-52,7jv5_R
136,Q8TDS7,MRGRD_HUMAN,active,0.754,active/Q8TDS7_model.active.crderr.pdb,21.3,4.90e-41,2lnl_A
137,Q9NYV7,T2R16_HUMAN,active,0.817,active/Q9NYV7_model.active.crderr.pdb,12.8,1.70e-04,6lfm_R
138,Q8IZF3,AGRF4_HUMAN,active,0.767,active/Q8IZF3_model.active.crderr.pdb,22.9,4.80e-37,7knu_R
139,P34981,TRFR_HUMAN,active,0.801,active/P34981_model.active.crderr.pdb,30.6,4.30e-58,6tq4_B
140,Q7Z602,GP141_HUMAN,active,0.764,active/Q7Z602_model.active.crderr.pdb,20.7,1.60e-50,6lfo_R
141,P51685,CCR8_HUMAN,active,0.765,active/P51685_model.active.crderr.pdb,43.9,8.10e-48,6meo_B
142,O15218,GP182_HUMAN,active,0.781,active/O15218_model.active.crderr.pdb,31.8,4.20e-41,6b73_A
143,Q96PE1,AGRA2_HUMAN,active,0.804,active/Q96PE1_model.active.crderr.pdb,18.6,5.00e-32,4k5y_C
144,P32246,CCR1_HUMAN,active,0.791,active/P32246_model.active.crderr.pdb,60.2,2.60e-47,6meo_B
145,Q9NYW2,TA2R8_HUMAN,active,0.838,active/Q9NYW2_model.active.crderr.pdb,12.9,6.60e-11,3odu_A
146,P43088,PF2R_HUMAN,active,0.765,active/P43088_model.active.crderr.pdb,36.2,1.10e-28,6ak3_B
147,Q9GZQ4,NMUR2_HUMAN,active,0.787,active/Q9GZQ4_model.active.crderr.pdb,33.1,1.10e-50,6os9_R
148,Q9Y5Y3,GPR45_HUMAN,active,0.814,active/Q9Y5Y3_model.active.crderr.pdb,29.1,2.00e-50,7jv5_R
149,Q8TDU9,RL3R2_HUMAN,active,0.840,active/Q8TDU9_model.active.crderr.pdb,32.7,4.50e-39,4rwa_A
150,Q15391,P2Y14_HUMAN,active,0.793,active/Q15391_model.active.crderr.pdb,34.1,2.80e-39,4pxz_A
151,Q8TDT2,GP152_HUMAN,active,0.767,active/Q8TDT2_model.active.crderr.pdb,25.0,3.10e-40,2lnl_A
152,Q13585,MTR1L_HUMAN,active,0.772,active/Q13585_model.active.crderr.pdb,46.0,1.30e-59,6me8_B
153,P59539,T2R45_HUMAN,active,0.824,active/P59539_model.active.crderr.pdb,16.7,3.00e-07,4yay_A
154,Q16538,GP162_HUMAN,active,0.777,active/Q16538_model.active.crderr.pdb,16.9,2.50e-32,6ak3_A
155,Q14330,GPR18_HUMAN,active,0.787,active/Q14330_model.active.crderr.pdb,26.5,5.80e-51,6rnk_A
156,P48145,NPBW1_HUMAN,active,0.764,active/P48145_model.active.crderr.pdb,40.7,8.50e-38,5dhg_B
157,Q7RTX0,TS1R3_HUMAN,active,0.792,active/Q7RTX0_model.active.crderr.pdb,21.1,4.60e-105,6n51_B
158,P50406,5HT6R_HUMAN,active,0.849,active/P50406_model.active.crderr.pdb,38.8,1.80e-53,7jv5_R
159,Q8TDV0,GP151_HUMAN,active,0.784,active/Q8TDV0_model.active.crderr.pdb,22.4,1.60e-33,5unh_A
160,Q99677,LPAR4_HUMAN,active,0.755,active/Q99677_model.active.crderr.pdb,38.0,9.20e-41,5xsz_A
161,Q9NPC1,LT4R2_HUMAN,active,0.792,active/Q9NPC1_model.active.crderr.pdb,31.7,4.00e-53,7k15_A
162,P32247,BRS3_HUMAN,active,0.811,active/P32247_model.active.crderr.pdb,30.6,5.40e-43,4ea3_A
163,Q13258,PD2R_HUMAN,active,0.767,active/Q13258_model.active.crderr.pdb,36.3,2.20e-52,7d7m_A
164,Q9BY21,GPR87_HUMAN,active,0.755,active/Q9BY21_model.active.crderr.pdb,30.0,2.10e-40,4py0_A
165,Q9ULW2,FZD10_HUMAN,active,0.804,active/Q9ULW2_model.active.crderr.pdb,52.0,7.10e-46,6bd4_A
166,P25089,FPR3_HUMAN,active,0.804,active/P25089_model.active.crderr.pdb,70.6,4.90e-55,6omm_R
167,Q9P1P5,TAAR2_HUMAN,active,0.774,active/Q9P1P5_model.active.crderr.pdb,31.5,8.30e-46,4gbr_A
168,P48146,NPBW2_HUMAN,active,0.781,active/P48146_model.active.crderr.pdb,42.2,1.40e-39,4n6h_A
169,P25101,EDNRA_HUMAN,active,0.794,active/P25101_model.active.crderr.pdb,45.5,3.20e-56,6lry_A
170,Q14416,GRM2_HUMAN,active,0.808,active/Q14416_model.active.crderr.pdb,46.1,1.50e-109,6n51_B
171,Q9Y653,AGRG1_HUMAN,active,0.813,active/Q9Y653_model.active.crderr.pdb,34.6,7.40e-38,7d76_R
172,O00398,P2Y10_HUMAN,active,0.774,active/O00398_model.active.crderr.pdb,28.5,2.20e-34,5zkq_A
173,Q9NYW7,TA2R1_HUMAN,active,0.832,active/Q9NYW7_model.active.crderr.pdb,15.9,4.10e-03,6qzh_A
174,Q96LB2,MRGX1_HUMAN,active,0.760,active/Q96LB2_model.active.crderr.pdb,23.4,6.50e-43,5o9h_A
175,Q9NPB9,ACKR4_HUMAN,active,0.792,active/Q9NPB9_model.active.crderr.pdb,40.2,7.80e-37,5lwe_B
176,P59537,T2R43_HUMAN,active,0.858,active/P59537_model.active.crderr.pdb, 6.3,6.90e-11,5cxv_A
177,P46091,GPR1_HUMAN,active,0.822,active/P46091_model.active.crderr.pdb,34.3,1.10e-54,6omm_R
178,Q9UHX3,AGRE2_HUMAN,active,0.809,active/Q9UHX3_model.active.crderr.pdb,24.5,2.50e-38,7d76_R
179,P28336,NMBR_HUMAN,active,0.800,active/P28336_model.active.crderr.pdb,30.0,5.30e-58,6tq9_B
180,Q9BY15,AGRE3_HUMAN,active,0.785,active/Q9BY15_model.active.crderr.pdb,24.4,7.00e-37,6lpb_R
181,Q99463,NPY6R_HUMAN,active,0.835,active/Q99463_model.active.crderr.pdb,51.7,5.20e-29,5zbq_A
182,Q9H1C0,LPAR5_HUMAN,active,0.790,active/Q9H1C0_model.active.crderr.pdb,29.2,1.20e-56,6lfo_R
183,Q14833,GRM4_HUMAN,active,0.838,active/Q14833_model.active.crderr.pdb,49.3,4.40e-118,6n51_B
184,P37288,V1AR_HUMAN,active,0.768,active/P37288_model.active.crderr.pdb,53.1,8.70e-53,6tpk_A
185,O43193,MTLR_HUMAN,active,0.813,active/O43193_model.active.crderr.pdb,58.9,6.40e-49,6ko5_A
186,P33032,MC5R_HUMAN,active,0.804,active/P33032_model.active.crderr.pdb,42.7,8.90e-46,6w25_A
187,P59551,T2R60_HUMAN,active,0.834,active/P59551_model.active.crderr.pdb,12.0,4.40e-11,3odu_A
188,O00222,GRM8_HUMAN,active,0.849,active/O00222_model.active.crderr.pdb,46.6,3.50e-118,6n51_B
189,Q99678,GPR20_HUMAN,active,0.817,active/Q99678_model.active.crderr.pdb,26.8,5.50e-44,6b73_B
190,O00590,ACKR2_HUMAN,active,0.790,active/O00590_model.active.crderr.pdb,40.9,3.90e-48,6meo_B
191,P47775,GPR12_HUMAN,active,0.810,active/P47775_model.active.crderr.pdb,26.2,8.40e-49,6vms_R
192,Q14831,GRM7_HUMAN,active,0.829,active/Q14831_model.active.crderr.pdb,47.0,8.80e-119,6n51_A
193,Q7RTR8,T2R42_HUMAN,active,0.780,active/Q7RTR8_model.active.crderr.pdb, 8.0,9.50e-11,3odu_A
194,Q8IZF4,AGRG5_HUMAN,active,0.770,active/Q8IZF4_model.active.crderr.pdb,34.9,8.20e-39,7d76_R
195,P49682,CXCR3_HUMAN,active,0.817,active/P49682_model.active.crderr.pdb,47.6,1.00e-57,6lfo_R
196,P30518,V2R_HUMAN,active,0.822,active/P30518_model.active.crderr.pdb,42.9,1.20e-50,6tpk_A
197,P13945,ADRB3_HUMAN,active,0.799,active/P13945_model.active.crderr.pdb,60.8,8.20e-54,7bu6_A
198,P50391,NPY4R_HUMAN,active,0.758,active/P50391_model.active.crderr.pdb,50.6,2.10e-38,5zbq_A
199,Q5T601,AGRF1_HUMAN,active,0.791,active/Q5T601_model.active.crderr.pdb,23.4,4.50e-35,7d76_R
200,P21462,FPR1_HUMAN,active,0.816,active/P21462_model.active.crderr.pdb,73.0,3.40e-54,6omm_R
201,Q8IZF2,AGRF5_HUMAN,active,0.784,active/Q8IZF2_model.active.crderr.pdb,23.6,4.20e-31,7d76_R
202,Q9HB89,NMUR1_HUMAN,active,0.800,active/Q9HB89_model.active.crderr.pdb,37.2,5.80e-55,6ko5_A
203,P59544,T2R50_HUMAN,active,0.855,active/P59544_model.active.crderr.pdb,17.4,1.00e-03,6qzh_A
204,Q8NFN8,GP156_HUMAN,active,0.795,active/Q8NFN8_model.active.crderr.pdb,31.1,1.20e-38,6vjm_B
205,Q5T6X5,GPC6A_HUMAN,active,0.836,active/Q5T6X5_model.active.crderr.pdb,31.0,6.20e-48,4or2_B
206,P48960,AGRE5_HUMAN,active,0.816,active/P48960_model.active.crderr.pdb,26.0,5.50e-45,6p9x_R
207,P32302,CXCR5_HUMAN,active,0.816,active/P32302_model.active.crderr.pdb,43.9,1.40e-56,6lfo_R
208,O95665,NTR2_HUMAN,active,0.858,active/O95665_model.active.crderr.pdb,46.9,2.70e-54,7l0s_C
209,Q99680,GPR22_HUMAN,active,0.838,active/Q99680_model.active.crderr.pdb,23.7,6.10e-56,7jvq_R
210,Q9Y5X5,NPFF2_HUMAN,active,0.796,active/Q9Y5X5_model.active.crderr.pdb,37.8,6.70e-56,6tq9_B
211,P47898,5HT5A_HUMAN,active,0.831,active/P47898_model.active.crderr.pdb,40.2,2.60e-41,6g79_S
212,Q9NYV9,T2R13_HUMAN,active,0.800,active/Q9NYV9_model.active.crderr.pdb, 9.9,8.90e-11,5zbh_A
213,P22888,LSHR_HUMAN,active,0.781,active/P22888_model.active.crderr.pdb,24.4,2.30e-26,4lde_A
214,O95490,AGRL2_HUMAN,active,0.790,active/O95490_model.active.crderr.pdb,25.3,4.60e-43,7c2e_R
215,P31391,SSR4_HUMAN,active,0.823,active/P31391_model.active.crderr.pdb,46.2,4.50e-41,4n6h_A
216,P04001,OPSG_HUMAN,active,0.802,active/P04001_model.active.crderr.pdb,44.6,8.60e-42,5w0p_C
217,P35346,SSR5_HUMAN,active,0.771,active/P35346_model.active.crderr.pdb,43.0,1.60e-45,5dhg_A
218,Q8TDS5,OXER1_HUMAN,active,0.789,active/Q8TDS5_model.active.crderr.pdb,25.9,4.90e-33,5zkq_A
219,O95800,GPR75_HUMAN,active,0.789,active/O95800_model.active.crderr.pdb,20.3,3.10e-35,5x33_A
220,P59541,T2R30_HUMAN,active,0.838,active/P59541_model.active.crderr.pdb, 6.6,5.50e-11,5cxv_A
221,Q9GZQ6,NPFF1_HUMAN,active,0.807,active/Q9GZQ6_model.active.crderr.pdb,41.4,3.10e-56,6tp3_B
222,Q969V1,MCHR2_HUMAN,active,0.799,active/Q969V1_model.active.crderr.pdb,35.1,3.70e-40,6b73_B
223,P51677,CCR3_HUMAN,active,0.812,active/P51677_model.active.crderr.pdb,59.1,1.10e-47,6meo_B
224,Q13304,GPR17_HUMAN,active,0.804,active/Q13304_model.active.crderr.pdb,29.0,9.00e-47,6do1_A
225,O00421,CCRL2_HUMAN,active,0.796,active/O00421_model.active.crderr.pdb,46.1,1.30e-45,6meo_B
226,Q8NH01,O2T11_HUMAN,active,0.762,active/Q8NH01_model.active.crderr.pdb,18.9,1.50e-26,6wha_A
227,Q9HAR2,AGRL3_HUMAN,active,0.752,active/Q9HAR2_model.active.crderr.pdb,27.7,7.60e-39,7d76_R
228,Q9BXB1,LGR4_HUMAN,active,0.807,active/Q9BXB1_model.active.crderr.pdb,18.5,4.40e-45,5gmf_A
229,Q8IYL9,PSYR_HUMAN,active,0.787,active/Q8IYL9_model.active.crderr.pdb,30.8,4.40e-35,5zkq_A
230,Q86SQ4,AGRG6_HUMAN,active,0.755,active/Q86SQ4_model.active.crderr.pdb,35.3,8.40e-41,7d76_R
231,P59542,T2R19_HUMAN,active,0.831,active/P59542_model.active.crderr.pdb, 7.9,8.50e-11,5zbh_A
232,P59538,T2R31_HUMAN,active,0.854,active/P59538_model.active.crderr.pdb,18.0,4.30e-07,4yay_A
233,P30411,BKRB2_HUMAN,active,0.826,active/P30411_model.active.crderr.pdb,34.8,7.30e-40,5ung_B
234,P47901,V1BR_HUMAN,active,0.759,active/P47901_model.active.crderr.pdb,55.1,3.40e-53,6tpk_A
235,Q9HC97,GPR35_HUMAN,active,0.815,active/Q9HC97_model.active.crderr.pdb,27.6,6.30e-37,5dhh_B
236,Q9UNW8,GP132_HUMAN,active,0.766,active/Q9UNW8_model.active.crderr.pdb,29.4,1.70e-44,2lnl_A
237,Q15743,OGR1_HUMAN,active,0.777,active/Q15743_model.active.crderr.pdb,30.8,1.10e-37,5zkq_A
238,Q14832,GRM3_HUMAN,active,0.834,active/Q14832_model.active.crderr.pdb,46.9,2.30e-108,6n51_B
239,O60755,GALR3_HUMAN,active,0.843,active/O60755_model.active.crderr.pdb,31.3,1.10e-44,2lnl_A
240,Q9BZJ8,GPR61_HUMAN,active,0.792,active/Q9BZJ8_model.active.crderr.pdb,25.8,3.10e-52,6vms_R
241,Q7RTX1,TS1R1_HUMAN,active,0.771,active/Q7RTX1_model.active.crderr.pdb,23.3,2.00e-45,4or2_B
